apple_label,predicted_volume
1a.jpg,114.26
1b.jpg,138.47
3a.jpg,167.87
3b.jpg,177.48
3c.jpg,164.24
3d.jpg,198.25
3e.jpg,174.12
3f.jpg,165.97
3g.jpg,179.5
3h.jpg,206.36
3i.jpg,201.57
4a.jpg,280.51
4b.jpg,297.83
4c.jpg,292.14
4d.jpg,285.65
4e.jpg,268.72
4f.jpg,278.31
5a.jpg,289.49
5b.jpg,297.64
5c.jpg,303.91
5d.jpg,299.72
5e.jpg,303.22
5f.jpg,276.36
5g.jpg,285.04
5h.jpg,265.0
5i.jpg,291.64
6a.jpg,418.39
6b.jpg,418.81
6c.jpg,467.11
6d.jpg,461.64
6e.jpg,445.67
6f.jpg,435.81
6g.jpg,420.74
6h.jpg,469.79
7a.jpg,386.1
7b.jpg,380.09
7c.jpg,404.07
7d.jpg,395.32
7e.jpg,406.62
7f.jpg,365.65
7g.jpg,403.51
7h.jpg,401.9
7i.jpg,370.23
8a.jpg,177.67
8b.jpg,224.14
8c.jpg,224.92
8d.jpg,210.01
8e.jpg,209.92
8f.jpg,221.01
8g.jpg,221.81
8h.jpg,227.72
8i.jpg,198.35
8j.jpg,223.47
9a.jpg,353.17
9b.jpg,325.27
9c.jpg,329.76
9d.jpg,339.05
9e.jpg,337.36
9g.jpg,335.77
9h.jpg,275.05
9i.jpg,287.99
10a.jpg,325.56
10b.jpg,293.11
10c.jpg,309.71
10d.jpg,329.83
10e.jpg,321.79
10f.jpg,295.61
10g.jpg,310.6
10h.jpg,332.95
10i.jpg,321.36
11a.jpg,428.52
11b.jpg,461.08
11c.jpg,459.34
11d.jpg,429.69
11e.jpg,404.43
11f.jpg,410.33
11g.jpg,372.61
11h.jpg,403.67
12a.jpg,193.72
12b.jpg,192.92
12c.jpg,208.9
12d.jpg,215.89
12e.jpg,209.02
12f.jpg,206.32
12g.jpg,209.85
12h.jpg,189.22
12i.jpg,198.49
13a.jpg,267.27
13b.jpg,285.64
13c.jpg,277.32
13d.jpg,261.78
13e.jpg,260.11
13f.jpg,272.87
13g.jpg,265.77
13h.jpg,245.77
13i.jpg,216.04
14a.jpg,187.02
14b.jpg,182.11
14c.jpg,184.04
14d.jpg,190.28
14e.jpg,184.21
14f.jpg,194.76
14g.jpg,192.34
14h.jpg,183.88
14i.jpg,185.82
15a.jpg,435.35
15b.jpg,424.79
15c.jpg,420.64
15d.jpg,439.71
15e.jpg,436.04
15f.jpg,441.0
15g.jpg,387.47
15h.jpg,404.09
16a.jpg,250.96
16b.jpg,255.11
16c.jpg,248.29
16d.jpg,248.55
16e.jpg,276.72
16f.jpg,262.21
16g.jpg,247.45
16h.jpg,253.56
16i.jpg,256.18
16j.jpg,259.11
16k.jpg,283.24
16l.jpg,240.23
17a.jpg,323.54
17b.jpg,328.25
17c.jpg,332.51
17d.jpg,324.49
17e.jpg,309.09
17f.jpg,299.63
17g.jpg,315.02
17h.jpg,315.22
17i.jpg,290.69
17j.jpg,253.51
18a.jpg,230.49
18b.jpg,231.39
18c.jpg,236.96
18d.jpg,259.71
18e.jpg,248.49
18f.jpg,241.57
18g.jpg,232.49
18h.jpg,251.25
18i.jpg,241.03
18j.jpg,218.37
19a.jpg,265.93
19b.jpg,261.15
19c.jpg,271.25
19d.jpg,275.29
19e.jpg,269.88
19f.jpg,269.9
19g.jpg,269.49
19h.jpg,258.32
19i.jpg,254.46
19j.jpg,271.83
20a.jpg,228.98
20b.jpg,229.86
20c.jpg,224.74
20d.jpg,229.93
20e.jpg,235.3
20f.jpg,224.53
20g.jpg,210.9
20h.jpg,204.72
20i.jpg,191.48
20j.jpg,193.49
20k.jpg,201.89
21a.jpg,307.65
21b.jpg,333.68
21c.jpg,311.82
21d.jpg,325.97
21e.jpg,305.88
21f.jpg,304.53
21g.jpg,322.58
21h.jpg,305.62
21i.jpg,314.78
21j.jpg,328.26
21k.jpg,310.27
21l.jpg,336.71
21m.jpg,306.87
21n.jpg,285.98
21o.jpg,337.84
21p.jpg,333.49
21q.jpg,305.71
21r.jpg,339.96
21s.jpg,342.09
21t.jpg,311.53
21u.jpg,339.01
22a.jpg,177.69
22b.jpg,194.35
22c.jpg,176.18
22d.jpg,197.36
22e.jpg,202.76
22f.jpg,191.5
22g.jpg,184.21
22h.jpg,188.65
22i.jpg,187.6
22j.jpg,184.09
22k.jpg,182.2
23a.jpg,257.35
23b.jpg,271.33
23c.jpg,274.09
23d.jpg,283.94
23e.jpg,253.86
23f.jpg,260.03
23g.jpg,284.84
23h.jpg,306.5
23i.jpg,260.2
24a.jpg,248.85
24b.jpg,230.15
24c.jpg,231.34
24d.jpg,247.0
24e.jpg,240.66
24f.jpg,230.97
24g.jpg,245.06
24h.jpg,252.34
24i.jpg,212.99
24j.jpg,231.29
25a.jpg,278.97
25b.jpg,254.13
25c.jpg,263.21
25d.jpg,293.75
25e.jpg,284.92
25f.jpg,284.04
25g.jpg,293.55
25h.jpg,282.41
25i.jpg,256.08
26a.jpg,184.41
26b.jpg,175.54
26c.jpg,189.43
26d.jpg,188.2
26e.jpg,188.8
26f.jpg,189.95
26g.jpg,191.63
26h.jpg,181.91
26i.jpg,179.99
26j.jpg,188.33
26k.jpg,191.31
26l.jpg,167.93
26m.jpg,180.45
27a.jpg,330.3
27b.jpg,362.49
27c.jpg,328.68
27d.jpg,349.64
27e.jpg,344.31
27f.jpg,341.29
27g.jpg,311.91
27h.jpg,324.99
27i.jpg,367.46
28a.jpg,262.41
28b.jpg,277.92
28c.jpg,286.48
28d.jpg,278.27
28e.jpg,272.58
28f.jpg,270.61
28g.jpg,252.17
28h.jpg,254.61
28i.jpg,279.13
29a.jpg,267.2
29b.jpg,255.44
29c.jpg,271.52
29d.jpg,253.18
29e.jpg,274.05
29f.jpg,275.96
29g.jpg,272.28
29h.jpg,264.29
29i.jpg,237.71
29j.jpg,263.19
30a.jpg,261.59
30b.jpg,262.38
30c.jpg,333.39
30d.jpg,317.94
30e.jpg,319.21
30f.jpg,321.47
30g.jpg,336.34
30h.jpg,336.6
30i.jpg,324.29
30j.jpg,263.02
30k.jpg,239.1
31a.jpg,316.66
31b.jpg,287.35
31c.jpg,302.15
31d.jpg,305.34
31e.jpg,297.77
31f.jpg,298.23
31g.jpg,299.67
31h.jpg,288.1
31i.jpg,283.12
31j.jpg,314.41
31k.jpg,320.04
31l.jpg,290.55
32a.jpg,347.7
32b.jpg,362.63
32c.jpg,350.48
32d.jpg,363.63
32e.jpg,353.49
32f.jpg,346.06
32g.jpg,359.07
32h.jpg,355.1
32i.jpg,374.35
32j.jpg,343.59
32k.jpg,369.53
33a.jpg,327.85
33b.jpg,354.44
33c.jpg,333.54
33d.jpg,354.88
33e.jpg,351.64
33f.jpg,350.08
33g.jpg,359.45
33h.jpg,341.98
33i.jpg,341.79
34a.jpg,259.38
34b.jpg,250.7
34c.jpg,248.92
34d.jpg,246.93
34e.jpg,257.36
34f.jpg,263.03
34g.jpg,223.43
34h.jpg,246.96
35a.jpg,320.77
35b.jpg,337.98
35c.jpg,340.49
35d.jpg,347.1
35e.jpg,308.55
35f.jpg,309.5
35g.jpg,295.51
35h.jpg,268.78
36a.jpg,236.23
36b.jpg,235.45
36c.jpg,229.57
36d.jpg,219.13
36e.jpg,207.92
36f.jpg,230.52
36g.jpg,187.47
36h.jpg,209.06
37a.jpg,196.47
37b.jpg,195.85
37c.jpg,204.04
37d.jpg,197.83
37e.jpg,204.76
37f.jpg,208.78
37g.jpg,195.3
37h.jpg,198.13
38a.jpg,270.08
38b.jpg,268.55
38c.jpg,253.36
38d.jpg,256.44
38e.jpg,264.66
38f.jpg,257.34
38g.jpg,274.51
38h.jpg,243.3
38i.jpg,272.42
39a.jpg,227.23
39b.jpg,229.79
39c.jpg,210.28
39d.jpg,221.58
39e.jpg,218.76
39f.jpg,219.57
39g.jpg,195.87
39h.jpg,189.59
40a.jpg,367.01
40b.jpg,381.78
40c.jpg,420.46
40d.jpg,380.12
40e.jpg,370.79
40f.jpg,378.78
40g.jpg,410.19
40h.jpg,365.66
41a.jpg,247.22
41b.jpg,245.12
41c.jpg,249.21
41d.jpg,243.11
41e.jpg,251.17
41f.jpg,248.21
41g.jpg,241.61
41h.jpg,254.27
42a.jpg,505.27
42b.jpg,482.26
42c.jpg,491.61
42d.jpg,532.16
42e.jpg,521.31
42f.jpg,483.7
42g.jpg,516.4
42h.jpg,491.56
42i.jpg,454.19
43a.jpg,234.12
43b.jpg,224.01
43c.jpg,245.47
43d.jpg,242.66
43e.jpg,245.98
43f.jpg,248.13
43g.jpg,220.27
43h.jpg,220.16
43i.jpg,234.38
43j.jpg,224.74
44a.jpg,275.76
44b.jpg,296.33
44c.jpg,270.33
44d.jpg,270.55
44e.jpg,274.08
44f.jpg,280.99
44g.jpg,262.57
44h.jpg,296.05
44i.jpg,268.72
44j.jpg,287.65
44k.jpg,268.37
45a.jpg,322.29
45b.jpg,307.73
45c.jpg,296.48
45d.jpg,291.9
45e.jpg,295.39
45f.jpg,304.38
45g.jpg,248.37
45h.jpg,281.35
46a.jpg,334.99
46b.jpg,323.12
46c.jpg,343.47
46d.jpg,361.54
46e.jpg,350.66
46f.jpg,324.74
46g.jpg,333.19
46h.jpg,323.29
46i.jpg,350.6
47a.jpg,349.59
47b.jpg,353.37
47c.jpg,355.2
47d.jpg,350.6
47e.jpg,334.01
47f.jpg,358.86
47g.jpg,298.1
47h.jpg,347.91
48a.jpg,219.53
48b.jpg,223.75
48c.jpg,228.04
48d.jpg,259.58
48e.jpg,233.95
48f.jpg,216.25
48g.jpg,233.39
48h.jpg,233.19
48i.jpg,218.77
48j.jpg,219.33
49a.jpg,293.44
49b.jpg,266.88
49c.jpg,271.81
49d.jpg,269.97
49e.jpg,285.19
49f.jpg,292.66
49g.jpg,279.48
49h.jpg,281.23
49i.jpg,287.05
49j.jpg,263.21
50a.jpg,216.04
50b.jpg,244.09
50c.jpg,253.0
50d.jpg,246.42
50e.jpg,234.72
50f.jpg,246.41
50g.jpg,245.5
50h.jpg,251.74
50i.jpg,238.31
51a.jpg,249.94
51b.jpg,248.44
51c.jpg,243.38
51d.jpg,253.61
51e.jpg,258.11
51f.jpg,251.42
51g.jpg,266.48
51h.jpg,243.39
51i.jpg,259.49
52a.jpg,252.26
52b.jpg,229.9
52c.jpg,247.6
52d.jpg,248.11
52e.jpg,242.36
52f.jpg,252.87
52g.jpg,244.57
52h.jpg,238.48
52i.jpg,245.88
52j.jpg,262.79
53a.jpg,246.7
53b.jpg,231.55
53c.jpg,252.82
53d.jpg,249.99
53e.jpg,259.24
53f.jpg,258.74
53g.jpg,238.24
53h.jpg,255.45
53i.jpg,235.23
54a.jpg,255.06
54b.jpg,257.43
54c.jpg,259.98
54d.jpg,247.32
54e.jpg,235.28
54f.jpg,247.66
54g.jpg,253.54
54h.jpg,212.3
54i.jpg,226.09
55a.jpg,262.02
55b.jpg,277.52
55c.jpg,270.3
55d.jpg,260.45
55e.jpg,279.43
55f.jpg,263.82
55g.jpg,256.77
55h.jpg,289.74
55i.jpg,266.96
55j.jpg,262.3
55k.jpg,280.73
56a.jpg,206.4
56b.jpg,192.67
56c.jpg,211.42
56d.jpg,201.19
56e.jpg,189.45
56f.jpg,203.44
56g.jpg,199.01
56h.jpg,189.87
56i.jpg,166.98
56j.jpg,167.19
57a.jpg,230.61
57b.jpg,227.41
57c.jpg,246.05
57d.jpg,238.2
57e.jpg,220.72
57f.jpg,223.0
57g.jpg,225.32
57h.jpg,240.68
57i.jpg,202.72
57j.jpg,212.13
58a.jpg,224.64
58b.jpg,217.11
58c.jpg,240.86
58d.jpg,241.96
58e.jpg,227.82
58f.jpg,220.0
58g.jpg,233.33
58h.jpg,209.38
58i.jpg,223.4
59a.jpg,138.3
59b.jpg,143.02
59c.jpg,146.35
59d.jpg,145.46
59e.jpg,136.85
59f.jpg,145.57
59g.jpg,143.64
59h.jpg,138.78
59i.jpg,147.41
59j.jpg,149.6
60a.jpg,188.85
60b.jpg,187.36
60c.jpg,196.02
60d.jpg,204.45
60e.jpg,204.96
60f.jpg,202.9
60g.jpg,194.03
60h.jpg,201.94
60i.jpg,187.05
60j.jpg,182.78
60k.jpg,191.28
61a.jpg,198.03
61b.jpg,202.4
61c.jpg,193.53
61d.jpg,205.04
61e.jpg,201.98
61f.jpg,184.22
61g.jpg,192.3
61h.jpg,197.72
61i.jpg,206.82
61j.jpg,197.43
61k.jpg,203.19
61l.jpg,203.22
62a.jpg,229.84
62b.jpg,239.13
62c.jpg,232.72
62d.jpg,244.71
62e.jpg,240.23
62f.jpg,232.79
62g.jpg,240.31
62h.jpg,243.81
62i.jpg,231.45
62j.jpg,232.1
62k.jpg,243.95
63a.jpg,117.74
63b.jpg,178.39
63c.jpg,181.79
63d.jpg,185.44
63e.jpg,180.38
63f.jpg,176.91
63g.jpg,176.48
63h.jpg,185.16
63i.jpg,178.59
63j.jpg,190.17
63k.jpg,146.5
63l.jpg,144.91
64a.jpg,112.37
64b.jpg,109.87
64c.jpg,120.98
64d.jpg,122.27
64e.jpg,117.29
64f.jpg,118.52
64g.jpg,122.17
64h.jpg,117.47
64i.jpg,116.98
65a.jpg,101.96
65b.jpg,102.91
65c.jpg,113.92
65d.jpg,111.35
65e.jpg,117.83
65f.jpg,112.16
65g.jpg,116.55
65h.jpg,118.12
65i.jpg,102.18
65j.jpg,101.76
66a.jpg,89.93
66b.jpg,94.78
66c.jpg,92.2
66d.jpg,100.59
66e.jpg,85.7
66f.jpg,89.42
66g.jpg,101.51
66h.jpg,85.02
66i.jpg,91.1
66j.jpg,95.24
67a.jpg,118.93
67b.jpg,118.83
67c.jpg,115.71
67d.jpg,115.74
67e.jpg,120.26
67f.jpg,117.04
67g.jpg,110.08
67h.jpg,119.5
67i.jpg,106.15
67j.jpg,108.4
68a.jpg,97.75
68b.jpg,97.17
68c.jpg,101.07
68d.jpg,101.79
68e.jpg,97.3
68f.jpg,95.1
68g.jpg,97.14
68h.jpg,99.18
68i.jpg,90.55
68j.jpg,86.43
68k.jpg,89.23
69a.jpg,309.34
69b.jpg,314.34
69c.jpg,329.34
69d.jpg,295.43
69e.jpg,325.34
69f.jpg,305.45
69g.jpg,313.68
69h.jpg,311.49
69i.jpg,323.67
69j.jpg,298.56
69k.jpg,312.8
69l.jpg,318.97
70a.jpg,244.04
70b.jpg,238.76
70c.jpg,231.98
70d.jpg,230.93
70e.jpg,235.45
70f.jpg,241.23
70g.jpg,236.41
70h.jpg,211.14
70i.jpg,231.17
71a.jpg,170.73
71b.jpg,169.82
71c.jpg,169.39
71d.jpg,183.48
71e.jpg,185.05
71f.jpg,172.1
71g.jpg,168.66
71h.jpg,171.56
71i.jpg,165.2
71j.jpg,166.49
72a.jpg,228.59
72b.jpg,240.43
72c.jpg,226.97
72d.jpg,224.71
72e.jpg,230.0
72f.jpg,226.82
72g.jpg,220.11
72h.jpg,220.82
72i.jpg,210.01
72j.jpg,210.01
73a.jpg,164.9
73b.jpg,178.13
73c.jpg,185.47
73d.jpg,184.48
73e.jpg,179.72
73f.jpg,179.21
73g.jpg,184.39
73h.jpg,179.53
73i.jpg,182.04
74a.jpg,142.13
74b.jpg,140.33
74c.jpg,142.88
74d.jpg,138.31
74e.jpg,137.29
74f.jpg,142.96
74g.jpg,139.31
74h.jpg,143.05
74i.jpg,134.65
74j.jpg,136.79
74k.jpg,137.04
75a.jpg,205.78
75b.jpg,191.55
75c.jpg,200.11
75d.jpg,197.72
75e.jpg,191.95
75f.jpg,199.6
75g.jpg,205.05
75h.jpg,191.6
75i.jpg,199.08
75j.jpg,206.82
76a.jpg,270.62
76b.jpg,328.92
76c.jpg,306.64
76d.jpg,325.2
76e.jpg,324.08
76f.jpg,320.86
76g.jpg,326.29
76h.jpg,327.92
76i.jpg,269.71
76j.jpg,324.26
77a.jpg,269.88
77b.jpg,277.12
77c.jpg,288.94
77d.jpg,260.45
77e.jpg,295.12
77f.jpg,274.4
77g.jpg,276.06
77h.jpg,302.03
78a.jpg,277.07
78b.jpg,274.99
78c.jpg,261.53
78d.jpg,261.72
78e.jpg,262.85
78f.jpg,267.78
78f.jpg,267.78
78g.jpg,243.47
78h.jpg,261.42
78i.jpg,261.87
79a.jpg,298.48
79b.jpg,272.11
79c.jpg,305.78
79d.jpg,294.73
79e.jpg,302.46
79f.jpg,305.12
79g.jpg,317.36
79h.jpg,302.93
79i.jpg,287.2
79j.jpg,305.24
80a.jpg,339.78
80b.jpg,327.13
80c.jpg,332.59
80d.jpg,329.38
80e.jpg,351.3
80f.jpg,353.47
80g.jpg,273.7
80h.jpg,317.61
81a.jpg,211.16
81b.jpg,215.04
81c.jpg,223.42
81d.jpg,204.9
81e.jpg,199.94
81f.jpg,220.28
81g.jpg,205.08
81h.jpg,209.82
81i.jpg,200.51
81j.jpg,199.3
81k.jpg,210.65
81l.jpg,219.05
82a.jpg,232.41
82b.jpg,234.99
82c.jpg,240.0
82d.jpg,238.25
82e.jpg,234.73
82f.jpg,238.75
82g.jpg,229.51
82h.jpg,237.48
82i.jpg,186.73
82j.jpg,197.66
82k.jpg,197.86
83a.jpg,210.12
83b.jpg,197.56
83c.jpg,261.98
83d.jpg,253.48
83e.jpg,275.53
83f.jpg,277.85
83g.jpg,227.91
83h.jpg,264.35
83i.jpg,263.12
83j.jpg,249.77
83k.jpg,197.14
83l.jpg,209.18
84a.jpg,275.08
84b.jpg,262.85
84c.jpg,263.71
84d.jpg,255.21
84e.jpg,281.17
84f.jpg,253.18
84g.jpg,268.6
84h.jpg,248.92
84i.jpg,257.34
85a.jpg,174.79
85b.jpg,186.0
85c.jpg,172.51
85d.jpg,181.28
85e.jpg,182.67
85f.jpg,166.05
85g.jpg,175.88
85h.jpg,181.42
85i.jpg,187.62
86a.jpg,151.5
86b.jpg,151.32
86c.jpg,151.57
86d.jpg,148.26
86e.jpg,150.4
86f.jpg,146.16
86g.jpg,151.67
86h.jpg,150.51
86i.jpg,149.85
86j.jpg,128.09
86k.jpg,112.82
87a.jpg,251.98
87b.jpg,208.09
87c.jpg,252.15
87d.jpg,271.08
87e.jpg,266.27
87f.jpg,241.3
87g.jpg,253.44
87h.jpg,242.39
87i.jpg,251.52
87j.jpg,218.5
87k.jpg,246.63
88a.jpg,240.33
88b.jpg,208.17
88c.jpg,266.23
88d.jpg,267.61
88e.jpg,265.29
88f.jpg,260.61
88g.jpg,268.19
88h.jpg,273.88
88i.jpg,271.05
88j.jpg,273.01
88k.jpg,209.53
88l.jpg,241.41
89a.jpg,279.35
89b.jpg,285.71
89c.jpg,292.5
89d.jpg,306.35
89e.jpg,304.57
89f.jpg,301.75
89g.jpg,275.82
89h.jpg,250.46
89i.jpg,273.83
90a.jpg,185.4
90b.jpg,186.06
90c.jpg,209.93
90d.jpg,201.24
90e.jpg,188.39
90f.jpg,202.1
90g.jpg,204.39
90h.jpg,195.25
90i.jpg,206.51
91a.jpg,304.75
91b.jpg,277.95
91c.jpg,288.26
91d.jpg,291.05
91e.jpg,300.53
91f.jpg,299.0
91g.jpg,304.35
91h.jpg,278.39
91i.jpg,286.65
92a.jpg,221.05
92b.jpg,216.07
92c.jpg,216.94
92d.jpg,217.85
92e.jpg,217.25
92f.jpg,210.71
92g.jpg,221.38
92h.jpg,190.64
92i.jpg,206.16
93a.jpg,296.63
93b.jpg,298.66
93c.jpg,291.86
93d.jpg,294.02
93e.jpg,308.57
93f.jpg,292.22
93g.jpg,311.59
93h.jpg,314.54
93i.jpg,297.11
94a.jpg,281.63
94b.jpg,263.67
94c.jpg,266.25
94d.jpg,272.2
94e.jpg,279.09
94f.jpg,265.71
94g.jpg,271.28
94h.jpg,280.17
94i.jpg,252.06
94j.jpg,281.07
95a.jpg,226.57
95b.jpg,217.55
95c.jpg,233.57
95d.jpg,220.2
95e.jpg,229.91
95f.jpg,227.14
95g.jpg,154.31
95h.jpg,167.3
96a.jpg,215.15
96b.jpg,207.02
96c.jpg,213.55
96d.jpg,223.98
96e.jpg,209.01
96f.jpg,215.23
96g.jpg,225.23
96h.jpg,212.43
96i.jpg,199.44
96j.jpg,195.64
97a.jpg,154.29
97b.jpg,153.15
97c.jpg,153.6
97d.jpg,162.6
97e.jpg,155.91
97f.jpg,161.82
97g.jpg,149.02
97h.jpg,139.27
98a.jpg,287.88
98b.jpg,292.46
98c.jpg,286.61
98d.jpg,286.49
98e.jpg,283.83
98f.jpg,285.09
98g.jpg,285.8
98h.jpg,279.34
98i.jpg,272.55
98j.jpg,298.85
99a.jpg,215.86
99b.jpg,215.73
99c.jpg,219.24
99d.jpg,229.48
99e.jpg,215.37
99f.jpg,225.01
99g.jpg,226.54
99h.jpg,215.43
99i.jpg,218.27
99j.jpg,233.2
99k.jpg,233.97
100a.jpg,133.91
100b.jpg,141.85
100c.jpg,147.24
100d.jpg,142.55
100e.jpg,139.95
100f.jpg,146.72
100g.jpg,140.3
100h.jpg,135.16
100i.jpg,149.24
100j.jpg,149.48
101a.jpg,184.25
101b.jpg,177.01
101c.jpg,190.56
101d.jpg,190.16
101e.jpg,173.45
101f.jpg,190.15
101g.jpg,189.3
101h.jpg,177.4
101i.jpg,141.2
101j.jpg,138.61
101k.jpg,138.77
102a.jpg,222.75
102b.jpg,204.72
102c.jpg,200.2
102d.jpg,223.04
102e.jpg,224.9
102f.jpg,212.14
102g.jpg,216.41
102h.jpg,223.71
102i.jpg,209.14
102j.jpg,198.44
102k.jpg,201.12
102l.jpg,212.62
103a.jpg,253.4
103b.jpg,245.98
103c.jpg,249.67
103d.jpg,254.36
103e.jpg,256.44
103f.jpg,263.09
103g.jpg,220.62
103h.jpg,207.43
104a.jpg,294.07
104b.jpg,334.45
104c.jpg,394.69
104d.jpg,397.5
104e.jpg,373.28
104f.jpg,375.94
104g.jpg,380.59
104h.jpg,391.24
104i.jpg,397.87
104j.jpg,287.28
104k.jpg,333.97
105a.jpg,270.98
105b.jpg,286.26
105c.jpg,309.77
105d.jpg,270.34
105e.jpg,256.4
105f.jpg,284.78
105g.jpg,288.91
105h.jpg,268.43
105i.jpg,263.87
105j.jpg,274.38
106a.jpg,209.19
106b.jpg,191.66
106c.jpg,206.43
106d.jpg,197.0
106e.jpg,197.6
106f.jpg,211.6
106g.jpg,211.95
106h.jpg,206.2
106i.jpg,202.87
106j.jpg,202.77
106k.jpg,198.16
106l.jpg,206.43
107a.jpg,298.21
107b.jpg,293.02
107c.jpg,299.81
107d.jpg,293.08
107e.jpg,301.0
107f.jpg,289.7
107g.jpg,280.83
107h.jpg,281.51
107i.jpg,275.9
107j.jpg,247.56
107k.jpg,276.51
108a.jpg,288.75
108b.jpg,283.88
108c.jpg,254.89
108d.jpg,271.63
108e.jpg,282.66
108f.jpg,254.92
108g.jpg,268.94
108h.jpg,294.83
108i.jpg,274.7
108j.jpg,305.18
109a.jpg,245.05
109b.jpg,244.49
109c.jpg,233.11
109d.jpg,213.97
109e.jpg,240.41
109f.jpg,235.1
109g.jpg,240.87
109h.jpg,195.32
109i.jpg,210.8
110a.jpg,129.27
110b.jpg,141.5
110c.jpg,130.59
110d.jpg,136.66
110e.jpg,136.32
110f.jpg,124.74
110g.jpg,138.47
110h.jpg,134.63
110i.jpg,132.65
110j.jpg,135.05
111a.jpg,227.46
111b.jpg,222.99
111c.jpg,218.82
111d.jpg,211.72
111e.jpg,224.23
111f.jpg,231.02
111g.jpg,229.72
111h.jpg,222.02
111i.jpg,161.06
111j.jpg,168.59
112a.jpg,215.38
112b.jpg,223.86
112c.jpg,215.58
112d.jpg,216.61
112e.jpg,219.54
112f.jpg,228.35
112g.jpg,225.73
112h.jpg,224.97
112i.jpg,185.97
112j.jpg,195.58
113a.jpg,264.03
113b.jpg,284.52
113c.jpg,257.57
113d.jpg,257.1
113e.jpg,282.93
113f.jpg,285.11
113g.jpg,271.95
113h.jpg,252.45
113i.jpg,228.17
113j.jpg,232.8
114a.jpg,334.88
114b.jpg,313.88
114c.jpg,327.38
114d.jpg,330.99
114e.jpg,340.24
114f.jpg,332.49
114g.jpg,335.98
114h.jpg,266.25
114i.jpg,286.05
114j.jpg,285.48
115a.jpg,180.59
115b.jpg,180.2
115c.jpg,177.64
115d.jpg,185.26
115e.jpg,182.6
115f.jpg,180.5
115g.jpg,179.95
115h.jpg,180.39
115i.jpg,153.8
115j.jpg,158.72
115k.jpg,154.91
116a.jpg,262.09
116b.jpg,261.99
116c.jpg,269.26
116d.jpg,275.24
116e.jpg,256.9
116f.jpg,272.89
116g.jpg,267.33
116h.jpg,205.33
116i.jpg,236.72
116j.jpg,234.46
117a.jpg,279.13
117b.jpg,275.22
117c.jpg,274.01
117d.jpg,286.36
117e.jpg,284.84
117f.jpg,281.47
117g.jpg,273.14
117h.jpg,225.61
117i.jpg,237.43
118a.jpg,275.54
118b.jpg,291.59
118c.jpg,285.22
118d.jpg,291.72
118e.jpg,270.4
118f.jpg,284.45
118g.jpg,282.78
118h.jpg,279.7
118i.jpg,297.1
118j.jpg,273.83
118k.jpg,289.33
119a.jpg,324.63
119b.jpg,323.17
119c.jpg,319.09
119d.jpg,346.11
119e.jpg,354.28
119f.jpg,353.44
119g.jpg,326.3
119h.jpg,315.08
119i.jpg,309.99
119j.jpg,329.86
119k.jpg,340.82
119l.jpg,337.46
119m.jpg,320.16
119n.jpg,299.19
119o.jpg,302.85
120a.jpg,162.48
120b.jpg,161.04
120c.jpg,170.38
120d.jpg,164.26
120e.jpg,169.92
120f.jpg,162.33
120g.jpg,159.96
120h.jpg,160.26
120i.jpg,164.46
120j.jpg,158.49
120k.jpg,168.4
120l.jpg,168.05
121a.jpg,238.84
121b.jpg,223.54
121c.jpg,275.22
121d.jpg,266.33
121e.jpg,264.36
121f.jpg,254.07
121g.jpg,274.09
121h.jpg,280.67
121i.jpg,275.93
121j.jpg,219.36
121k.jpg,243.5
121l.jpg,243.88
122a.jpg,334.24
122b.jpg,325.61
122c.jpg,335.54
122d.jpg,350.23
122e.jpg,357.42
122f.jpg,345.99
122g.jpg,331.24
122h.jpg,279.98
122i.jpg,318.39
123a.jpg,400.28
123b.jpg,416.32
123c.jpg,407.14
123d.jpg,404.48
123e.jpg,393.46
123f.jpg,404.35
123g.jpg,394.19
123h.jpg,359.42
123i.jpg,407.65
124a.jpg,328.29
124b.jpg,320.99
124c.jpg,326.33
124d.jpg,324.12
124e.jpg,336.68
124f.jpg,342.11
124g.jpg,325.44
124h.jpg,321.13
124i.jpg,283.6
124j.jpg,318.24
125a.jpg,288.27
125b.jpg,287.64
125c.jpg,312.89
125d.jpg,292.82
125e.jpg,302.39
125f.jpg,285.82
125g.jpg,298.62
125h.jpg,301.39
125i.jpg,286.0
125j.jpg,285.89
125k.jpg,309.17
126a.jpg,277.17
126b.jpg,283.11
126c.jpg,278.01
126d.jpg,283.84
126e.jpg,276.43
126f.jpg,269.19
126g.jpg,239.18
126h.jpg,274.36
126i.jpg,226.84
126j.jpg,238.29
127a.jpg,296.64
127b.jpg,309.91
127c.jpg,305.77
127d.jpg,299.74
127e.jpg,290.83
127f.jpg,267.62
127g.jpg,281.12
127h.jpg,285.41
127i.jpg,256.74
127j.jpg,259.3
127k.jpg,283.86
128a.jpg,218.78
128b.jpg,207.65
128c.jpg,196.12
128d.jpg,218.97
128e.jpg,203.31
128f.jpg,211.35
128g.jpg,181.3
128h.jpg,174.16
129a.jpg,228.91
129b.jpg,250.15
129c.jpg,241.16
129d.jpg,239.52
129e.jpg,257.41
129f.jpg,259.08
129g.jpg,248.88
129h.jpg,238.11
129i.jpg,239.43
129j.jpg,228.36
129k.jpg,244.07
130a.jpg,293.97
130b.jpg,295.41
130c.jpg,303.4
130d.jpg,306.11
130e.jpg,280.13
130f.jpg,280.17
130g.jpg,294.26
130h.jpg,233.21
130i.jpg,258.47
131a.jpg,129.95
131b.jpg,126.95
131c.jpg,140.09
131d.jpg,123.43
131e.jpg,117.49
131f.jpg,142.82
131g.jpg,127.66
131h.jpg,127.93
131i.jpg,139.23
131j.jpg,134.57
131k.jpg,138.17
132a.jpg,248.42
132b.jpg,246.26
132c.jpg,253.69
132d.jpg,248.52
132e.jpg,246.9
132f.jpg,243.81
132g.jpg,236.41
132h.jpg,200.61
132i.jpg,214.63
133a.jpg,196.38
133b.jpg,184.5
133c.jpg,236.53
133d.jpg,234.81
133e.jpg,240.6
133f.jpg,231.2
133g.jpg,248.75
133h.jpg,232.64
133i.jpg,254.02
133j.jpg,184.52
133k.jpg,194.06
134a.jpg,223.72
134b.jpg,234.72
134c.jpg,236.14
134d.jpg,216.8
134e.jpg,220.42
134f.jpg,229.23
134g.jpg,219.75
134h.jpg,201.52
134i.jpg,215.58
135a.jpg,267.71
135b.jpg,277.32
135c.jpg,278.9
135d.jpg,278.29
135e.jpg,274.35
135f.jpg,267.03
135g.jpg,260.42
135h.jpg,199.3
135i.jpg,214.38
135j.jpg,214.91
136a.jpg,182.51
136b.jpg,185.6
136c.jpg,181.25
136d.jpg,194.46
136e.jpg,175.01
136f.jpg,188.57
136g.jpg,182.97
136h.jpg,187.36
136i.jpg,180.3
136j.jpg,195.57
137a.jpg,160.83
137b.jpg,151.84
137c.jpg,161.14
137d.jpg,168.22
137e.jpg,156.5
137f.jpg,163.41
137g.jpg,165.46
137h.jpg,167.33
137i.jpg,163.52
137j.jpg,160.93
138a.jpg,152.22
138b.jpg,134.07
138c.jpg,135.7
138d.jpg,157.52
138e.jpg,136.72
138f.jpg,134.06
138g.jpg,156.95
138h.jpg,159.15
138i.jpg,158.13
139a.jpg,188.37
139b.jpg,178.85
139c.jpg,180.01
139d.jpg,185.5
139e.jpg,181.97
139f.jpg,183.44
139g.jpg,188.77
139h.jpg,189.16
139i.jpg,147.91
139j.jpg,154.91
139k.jpg,154.79
140a.jpg,188.03
140b.jpg,202.64
140c.jpg,197.25
140d.jpg,204.69
140e.jpg,208.78
140f.jpg,204.57
140g.jpg,197.47
140h.jpg,206.43
140i.jpg,199.08
140j.jpg,189.7
140k.jpg,202.37
141a.jpg,294.52
141b.jpg,346.19
141c.jpg,334.76
141d.jpg,333.27
141e.jpg,335.91
141f.jpg,335.85
141g.jpg,327.97
141h.jpg,328.01
141i.jpg,335.45
141j.jpg,325.41
141k.jpg,326.56
141l.jpg,348.97
141m.jpg,292.37
141n.jpg,339.42
142a.jpg,247.29
142b.jpg,253.7
142c.jpg,260.99
142d.jpg,255.56
142e.jpg,254.23
142f.jpg,253.05
142g.jpg,269.53
142h.jpg,241.65
142i.jpg,269.5
143a.jpg,162.64
143b.jpg,148.11
143c.jpg,153.07
143d.jpg,169.37
143e.jpg,153.95
143f.jpg,148.39
143g.jpg,167.55
143h.jpg,164.61
143i.jpg,147.28
143j.jpg,164.59
143k.jpg,163.38
143l.jpg,170.87
144a.jpg,255.44
144b.jpg,261.76
144c.jpg,258.84
144d.jpg,258.1
144e.jpg,265.77
144f.jpg,261.76
144g.jpg,230.76
144h.jpg,248.83
145a.jpg,217.21
145b.jpg,224.42
145c.jpg,216.34
145d.jpg,227.68
145e.jpg,221.39
145f.jpg,206.12
145g.jpg,201.63
145h.jpg,146.63
145i.jpg,150.34
145j.jpg,151.22
146a.jpg,326.44
146b.jpg,329.99
146c.jpg,332.83
146d.jpg,325.02
146e.jpg,316.85
146f.jpg,310.35
146g.jpg,316.18
146h.jpg,253.39
146i.jpg,291.47
147a.jpg,369.43
147b.jpg,380.54
147c.jpg,372.26
147d.jpg,348.36
147e.jpg,364.68
147f.jpg,371.99
147g.jpg,350.84
147h.jpg,306.92
147i.jpg,329.24
148a.jpg,251.61
148b.jpg,261.46
148c.jpg,257.01
148d.jpg,251.63
148e.jpg,249.48
148f.jpg,268.38
148g.jpg,248.86
148h.jpg,245.57
148i.jpg,267.34
149a.jpg,183.42
149b.jpg,182.04
149c.jpg,183.44
149d.jpg,181.76
149e.jpg,158.09
149f.jpg,171.63
149g.jpg,183.25
149h.jpg,181.98
149i.jpg,126.84
149j.jpg,132.2
150a.jpg,170.24
150b.jpg,168.28
150c.jpg,151.78
150d.jpg,165.26
150e.jpg,163.6
150f.jpg,160.95
150g.jpg,162.27
150h.jpg,168.8
150i.jpg,161.9
150j.jpg,170.7
151a.jpg,246.11
151b.jpg,258.87
151c.jpg,248.84
151d.jpg,232.49
151e.jpg,243.03
151f.jpg,266.13
151g.jpg,249.26
151h.jpg,229.12
151i.jpg,256.35
151j.jpg,255.97
151k.jpg,273.85
152a.jpg,294.56
152b.jpg,313.64
152c.jpg,310.33
152d.jpg,319.71
152e.jpg,326.35
152f.jpg,330.67
152g.jpg,297.48
152h.jpg,308.77
152i.jpg,285.16
152j.jpg,299.4
153a.jpg,275.74
153b.jpg,283.96
153c.jpg,280.41
153d.jpg,283.01
153e.jpg,267.29
153f.jpg,263.23
153g.jpg,282.23
153h.jpg,256.4
153i.jpg,276.36
154a.jpg,164.37
154b.jpg,167.26
154c.jpg,171.76
154d.jpg,173.62
154e.jpg,163.57
154f.jpg,162.18
154g.jpg,166.53
154h.jpg,159.58
154i.jpg,167.06
154j.jpg,167.07
155a.jpg,236.87
155b.jpg,239.02
155c.jpg,238.84
155d.jpg,232.84
155e.jpg,237.88
155f.jpg,243.22
155g.jpg,244.82
155h.jpg,237.4
155i.jpg,238.22
155j.jpg,197.53
155k.jpg,206.48
156a.jpg,262.34
156b.jpg,261.53
156c.jpg,268.42
156d.jpg,271.74
156e.jpg,263.48
156f.jpg,263.85
156g.jpg,243.43
156h.jpg,254.77
156i.jpg,239.64
156j.jpg,249.9
157a.jpg,290.94
157b.jpg,291.74
157c.jpg,316.82
157d.jpg,306.91
157e.jpg,287.48
157f.jpg,291.95
157g.jpg,305.55
157h.jpg,303.91
157i.jpg,305.06
157j.jpg,321.39
158a.jpg,275.56
158b.jpg,285.75
158c.jpg,288.48
158d.jpg,287.49
158e.jpg,281.96
158f.jpg,281.6
158g.jpg,287.38
158h.jpg,226.0
158i.jpg,242.26
159a.jpg,274.27
159b.jpg,250.3
159c.jpg,267.59
159d.jpg,269.15
159e.jpg,253.3
159f.jpg,259.41
159g.jpg,265.24
159h.jpg,259.36
159i.jpg,272.22
160a.jpg,234.27
160b.jpg,226.42
160c.jpg,234.91
160d.jpg,236.86
160e.jpg,219.54
160f.jpg,207.33
160g.jpg,226.54
160h.jpg,159.2
160i.jpg,157.05
161a.jpg,181.49
161b.jpg,182.61
161c.jpg,191.02
161d.jpg,187.89
161e.jpg,186.87
161f.jpg,190.85
161g.jpg,180.12
161h.jpg,176.77
161i.jpg,179.21
161j.jpg,149.3
161k.jpg,157.83
162a.jpg,288.59
162b.jpg,286.19
162c.jpg,300.83
162d.jpg,279.93
162e.jpg,288.59
162f.jpg,294.71
162g.jpg,288.26
162h.jpg,246.37
162i.jpg,229.59
162j.jpg,255.83
163a.jpg,291.35
163b.jpg,295.63
163c.jpg,297.56
163d.jpg,297.9
163e.jpg,282.81
163f.jpg,287.14
163g.jpg,287.59
163h.jpg,207.45
163i.jpg,214.9
164a.jpg,298.79
164b.jpg,286.88
164c.jpg,276.79
164d.jpg,292.25
164e.jpg,297.39
164f.jpg,290.84
164g.jpg,297.3
164h.jpg,296.99
164i.jpg,251.23
164j.jpg,275.17
165a.jpg,271.34
165b.jpg,273.37
165c.jpg,290.32
165d.jpg,278.52
165e.jpg,259.32
165f.jpg,290.03
165g.jpg,272.48
165h.jpg,272.3
165i.jpg,263.47
165j.jpg,295.64
166a.jpg,351.26
166b.jpg,386.54
166c.jpg,375.65
166d.jpg,368.54
166e.jpg,364.82
166f.jpg,362.45
166g.jpg,380.79
166h.jpg,372.55
166i.jpg,342.34
166j.jpg,362.35
166k.jpg,383.94
167a.jpg,242.12
167b.jpg,235.24
167c.jpg,257.81
167d.jpg,246.11
167e.jpg,257.57
167f.jpg,258.75
167g.jpg,255.27
167h.jpg,260.81
167i.jpg,261.54
167j.jpg,232.07
167k.jpg,242.48
168a.jpg,367.06
168b.jpg,353.04
168c.jpg,359.26
168d.jpg,343.1
168e.jpg,357.17
168f.jpg,354.71
168g.jpg,370.97
168h.jpg,354.44
168i.jpg,297.84
168j.jpg,350.26
169a.jpg,305.57
169b.jpg,302.51
169c.jpg,285.05
169d.jpg,301.44
169e.jpg,301.68
169f.jpg,297.19
169g.jpg,299.12
169h.jpg,290.74
169i.jpg,312.81
169j.jpg,275.08
169k.jpg,273.73
169l.jpg,314.54
170a.jpg,264.86
170b.jpg,282.29
170c.jpg,303.99
170d.jpg,281.29
170e.jpg,278.44
170f.jpg,270.35
170g.jpg,268.18
170h.jpg,252.63
170i.jpg,281.46
171a.jpg,322.5
171b.jpg,313.84
171c.jpg,323.7
171d.jpg,329.3
171e.jpg,320.03
171f.jpg,312.13
171g.jpg,313.52
171h.jpg,335.87
171i.jpg,302.72
172a.jpg,131.78
172b.jpg,123.85
172c.jpg,132.45
172d.jpg,128.27
172e.jpg,124.84
172f.jpg,124.18
172g.jpg,127.08
172h.jpg,131.3
172i.jpg,132.99
173a.jpg,184.85
173b.jpg,185.9
173c.jpg,219.71
173d.jpg,209.0
173e.jpg,208.28
173f.jpg,211.43
173g.jpg,137.18
173h.jpg,147.4
174a.jpg,175.84
174b.jpg,188.89
174c.jpg,186.11
174d.jpg,177.67
174e.jpg,182.46
174f.jpg,187.62
174g.jpg,171.06
174h.jpg,151.28
174i.jpg,161.91
175a.jpg,290.52
175b.jpg,302.36
175c.jpg,326.02
175d.jpg,319.7
175e.jpg,329.2
175f.jpg,308.48
175g.jpg,305.79
175h.jpg,296.98
175i.jpg,269.18
175j.jpg,294.52
176a.jpg,317.88
176b.jpg,320.14
176c.jpg,327.81
176d.jpg,305.51
176e.jpg,307.64
176f.jpg,309.78
176g.jpg,305.04
176h.jpg,310.01
176i.jpg,244.8
176j.jpg,282.33
177a.jpg,220.21
177b.jpg,221.26
177c.jpg,226.18
177d.jpg,232.05
177e.jpg,226.04
177f.jpg,233.17
177g.jpg,232.51
177h.jpg,234.18
177i.jpg,211.68
177j.jpg,228.34
177k.jpg,234.69
177l.jpg,189.8
177m.jpg,205.7
178a.jpg,218.54
178b.jpg,218.49
178c.jpg,224.03
178d.jpg,218.92
178e.jpg,207.46
178f.jpg,221.33
178g.jpg,219.62
178h.jpg,217.33
178i.jpg,224.24
178j.jpg,231.57
179a.jpg,204.95
179b.jpg,213.58
179c.jpg,218.14
179d.jpg,222.76
179e.jpg,220.48
179f.jpg,225.91
179g.jpg,215.58
179h.jpg,206.5
179i.jpg,173.17
179j.jpg,168.34
180a.jpg,177.37
180b.jpg,171.37
180c.jpg,169.13
180d.jpg,174.0
180e.jpg,170.11
180f.jpg,168.5
180g.jpg,179.21
180h.jpg,169.13
180i.jpg,173.09
181a.jpg,219.54
181b.jpg,201.99
181c.jpg,242.49
181d.jpg,246.45
181e.jpg,257.96
181f.jpg,251.63
181g.jpg,243.98
181h.jpg,246.69
181i.jpg,243.03
181j.jpg,216.5
181k.jpg,204.01
181l.jpg,203.74
181m.jpg,208.84
182a.jpg,220.41
182b.jpg,214.86
182c.jpg,209.26
182d.jpg,198.25
182e.jpg,201.85
182f.jpg,211.09
182g.jpg,206.43
182h.jpg,171.13
182i.jpg,184.66
183a.jpg,210.28
183b.jpg,223.01
183c.jpg,232.61
183d.jpg,234.44
183e.jpg,232.79
183f.jpg,235.9
183g.jpg,221.07
183h.jpg,214.71
183i.jpg,213.88
183j.jpg,195.95
183k.jpg,200.02
184a.jpg,282.38
184b.jpg,264.33
184c.jpg,301.2
184d.jpg,283.92
184e.jpg,278.81
184f.jpg,287.35
184g.jpg,291.91
184h.jpg,289.13
184i.jpg,265.77
184j.jpg,300.59
185a.jpg,218.22
185b.jpg,205.27
185c.jpg,200.72
185d.jpg,220.3
185e.jpg,216.02
185f.jpg,201.38
185g.jpg,202.15
185h.jpg,217.43
185i.jpg,222.14
186a.jpg,270.83
186b.jpg,261.09
186c.jpg,243.83
186d.jpg,241.33
186e.jpg,254.41
186f.jpg,258.41
186g.jpg,252.02
186h.jpg,245.7
186i.jpg,266.09
186j.jpg,219.51
186k.jpg,225.26
187a.jpg,309.65
187b.jpg,297.74
187c.jpg,316.93
187d.jpg,291.55
187e.jpg,297.62
187f.jpg,311.74
187g.jpg,290.72
187h.jpg,315.24
188a.jpg,220.93
188b.jpg,227.59
188c.jpg,223.71
188d.jpg,221.29
188e.jpg,226.0
188f.jpg,224.23
188g.jpg,223.29
188h.jpg,225.01
188i.jpg,223.03
188j.jpg,216.95
188k.jpg,204.3
188l.jpg,216.23
189a.jpg,203.02
189b.jpg,211.88
189c.jpg,229.63
189d.jpg,223.04
189e.jpg,219.4
189f.jpg,219.48
189g.jpg,231.06
189h.jpg,215.95
189i.jpg,202.1
189j.jpg,216.11
189k.jpg,228.56
190a.jpg,267.04
190b.jpg,251.15
190c.jpg,242.66
190d.jpg,259.79
190e.jpg,264.81
190f.jpg,239.29
190g.jpg,245.51
190h.jpg,266.48
190i.jpg,259.41
190j.jpg,273.93
191a.jpg,331.86
191b.jpg,341.81
191c.jpg,348.87
191d.jpg,341.48
191e.jpg,324.99
191f.jpg,300.28
191g.jpg,324.68
191h.jpg,338.61
191i.jpg,328.52
191j.jpg,340.9
192a.jpg,248.46
192b.jpg,234.47
192c.jpg,248.48
192d.jpg,223.22
192e.jpg,239.78
192f.jpg,250.19
192g.jpg,230.27
192h.jpg,238.51
192i.jpg,241.13
192j.jpg,232.67
192k.jpg,251.01
193a.jpg,167.06
193b.jpg,204.38
193c.jpg,183.59
193d.jpg,184.96
193e.jpg,204.64
193f.jpg,188.5
193g.jpg,166.9
193h.jpg,182.06
193i.jpg,187.26
194a.jpg,221.12
194b.jpg,215.18
194c.jpg,225.2
194d.jpg,226.48
194e.jpg,214.13
194f.jpg,206.66
194g.jpg,235.74
194h.jpg,222.14
194i.jpg,236.14
195a.jpg,215.06
195b.jpg,217.25
195c.jpg,212.72
195d.jpg,213.67
195e.jpg,223.09
195f.jpg,221.86
195g.jpg,214.29
195h.jpg,221.67
195i.jpg,187.45
195j.jpg,189.47
196a.jpg,257.2
196b.jpg,259.59
196c.jpg,260.21
196d.jpg,244.67
196e.jpg,251.8
196f.jpg,242.5
196g.jpg,257.03
196h.jpg,188.24
196i.jpg,200.35
197a.jpg,238.25
197b.jpg,232.21
197c.jpg,232.45
197d.jpg,241.29
197e.jpg,246.52
197f.jpg,235.87
197g.jpg,241.43
197h.jpg,222.21
197i.jpg,212.63
197j.jpg,225.67
198a.jpg,255.51
198b.jpg,239.65
198c.jpg,240.97
198d.jpg,246.16
198e.jpg,240.74
198f.jpg,252.26
198g.jpg,247.08
198h.jpg,206.16
198i.jpg,227.58
199a.jpg,182.39
199b.jpg,192.89
199c.jpg,216.85
199d.jpg,214.45
199e.jpg,204.81
199f.jpg,198.68
199g.jpg,206.94
199h.jpg,202.07
199i.jpg,193.32
199j.jpg,179.33
199k.jpg,196.49
200a.jpg,245.7
200b.jpg,221.65
200c.jpg,266.14
200d.jpg,261.31
200e.jpg,261.11
200f.jpg,254.34
200g.jpg,242.5
200h.jpg,263.21
200i.jpg,269.8
200j.jpg,219.59
200k.jpg,243.17
